category,subdir,file,run_class,n_comp,n_units,n_streams,unit_ops,prop_method,in_units,analysis,analysis_kw,kinetics,temp_range,pres_range,n_conn,topology,parse_ok,err
Batch Modeling,Batch Distillation,3phase.bkp,FLOWSHEET,3,1,3,BATCHSEP,UNIF-DMD,METCBAR,-,OPTIMIZATION,-,20.00 C,1.00~1.01 bar,-,BATCHSEP,OK,-
Batch Modeling,Batch Distillation,Azeotrope.bkp,FLOWSHEET,3,1,3,BATCHSEP,NRTL,METCBAR,-,OPTIMIZATION,-,20.00 C,1.00 bar,-,BATCHSEP,OK,-
Batch Modeling,Batch Distillation,Batch evaporator loop.bkp,FLOWSHEET,4,4,7,BATCHOP + FLASH2 + HEATX + PUMP,NRTL / STEAMNBS,METSPEC,SENSITIVITY,OPTIMIZATION CONV-OPTIONS,-,60.00 C,0.78~1.96 bar,4,BATCHOP > FLASH2 > HEATX > PUMP | 4条连接,OK,-
Batch Modeling,Batch Distillation,BenzeneMCBDCB.bkp,FLOWSHEET,3,1,3,BATCHSEP,RK-SOAVE,METCBAR,-,OPTIMIZATION,-,20.00 C,1.00~1.08 bar,-,BATCHSEP,OK,-
Batch Modeling,Batch Distillation,BenzeneToluene.bkp,FLOWSHEET,3,1,4,BATCHSEP,RK-SOAVE,METCBAR,-,OPTIMIZATION,-,25.00 C,1.00~1.01 bar,-,BATCHSEP,OK,-
Batch Modeling,Batch Distillation,HeptHexOct.bkp,FLOWSHEET,4,1,3,BATCHSEP,NRTL / PENG-ROB,METCBAR,-,OPTIMIZATION,-,20.00~105.00 C,1.01 bar,-,BATCHSEP,OK,-
Batch Modeling,Batch Distillation,Inverted batch distillation using RADFRAC.bkp,FLOWSHEET,4,4,7,BATCHOP + HEATER + RADFRAC,NRTL,METSPEC,-,OPTIMIZATION CONV-OPTIONS,-,50.00~60.00 C,0.98 bar,4,BATCHOP > HEATER > RADFRAC | 4条连接,OK,-
Batch Modeling,Batch Distillation,Multistep.bkp,FLOWSHEET,4,1,4,BATCHSEP,RK-SOAVE,METCBAR,-,OPTIMIZATION,-,20.00~25.00 C,1.00~14.70 bar,-,BATCHSEP,OK,-
Batch Modeling,Batch Distillation,Polyester adhesive batch process using RADFRAC.bkp,FLOWSHEET,10,6,10,BATCHOP + FSPLIT + RADFRAC + TRANSFER,POLYNRTL / NRTL,METSPEC,-,OPTIMIZATION CONV-OPTIONS,-,25.00 C,0.98 bar,5,BATCHOP > FSPLIT > RADFRAC > TRANSFER | 5条连接,OK,-
Batch Modeling,Batch Distillation,ReactiveDistillation.bkp,FLOWSHEET,4,1,4,BATCHSEP,NRTL-HOC,METCBAR,-,OPTIMIZATION,POWERLAW,20.00~25.00 C,1.00~1.01 bar,-,BATCHSEP,OK,-
Batch Modeling,Batch Distillation,RefluxVary.bkp,FLOWSHEET,3,1,3,BATCHSEP,RK-SOAVE,METCBAR,-,OPTIMIZATION,-,20.00 C,1.00~1.01 bar,-,BATCHSEP,OK,-
Batch Modeling,Batch Distillation,SolventSwap.bkp,FLOWSHEET,4,1,4,BATCHSEP,NRTL,METCBAR,-,OPTIMIZATION,-,25.00~75.00 C,1.01 bar,-,BATCHSEP,OK,-
Batch Modeling,Batch Distillation,WaterMethanol.bkp,FLOWSHEET,2,1,3,BATCHSEP,NRTL,METCBAR,DESIGN-SPEC SENSITIVITY,OPTIMIZATION,-,20.00 C,1.01 bar,-,BATCHSEP,OK,-
Batch Modeling,Batch Reaction and Crystallization,Batch Polymerization Kinetic Fitting.bkp,FLOWSHEET,5,1,2,BATCHOP,POLYNRTL,SET1,-,OPTIMIZATION CONV-OPTIONS,-,64.50~65.00 C,0.98 bar,-,BATCHOP,OK,-
Batch Modeling,Batch Reaction and Crystallization,Benzene Chlorination.bkp,FLOWSHEET,6,4,9,BATCHOP + FLASH2 + HEATER,NRTL,METCBAR,-,OPTIMIZATION CONV-OPTIONS,POWERLAW,5.00~80.00 C,1.00~5.00 bar,4,BATCHOP > FLASH2 > HEATER | 4条连接,OK,-
Batch Modeling,Batch Reaction and Crystallization,Mixed Batch-Continuous Process-Sodium Salicylate.bkp,FLOWSHEET,14,17,25,BATCHOP + CYCLONE + DRYER + FLASH2 + FLUIDBED + HEATER + HIERARCHY + MIXER + PUMP + RSTOIC,NRTL,METCBAR,-,OPTIMIZATION,POWERLAW,25.00~220.00 C,-0.01~5.00 bar,12,BATCHOP > CYCLONE > DRYER > FLASH2 > FLUIDBED > HEATER > HIERARCHY > MIXER | 12条连接,OK,-
Batch Modeling,Bioethanol via fermentation,Bioethanol via fermentation.bkp,FLOWSHEET,10,1,4,BATCHOP,BIOIDEAL / SYSOP0 / NRTL,METSPEC,SENSITIVITY,OPTIMIZATION CONV-OPTIONS,-,30.00~34.00 C,0.98~1.18 bar,-,BATCHOP,OK,-
Biofuel and Biochemicals,BDO via fermentation,BDO via fermentation.bkp,FLOWSHEET,14,2,7,BATCHOP + HIERARCHY,BIOIDEAL / SYSOP0 / NRTL,US-1,-,OPTIMIZATION,-,35.00~72.00 C,1.03~3.10 bar,-,BATCHOP > HIERARCHY,OK,-
Biofuel and Biochemicals,Biodiesel,Biodiesel Production from Vegetable Oil.bkp,FLOWSHEET,39,16,27,EXTRACT + HEATER + MIXER + PUMP + RADFRAC + RCSTR + RSTOIC + SEP,UNIF-DMD / NRTL,SET1,DESIGN-SPEC CALCULATOR,OPTIMIZATION CONV-OPTIONS,KINETIC POWERLAW RCSTR,20.00~60.00 C,0.10~4.00 bar,17,EXTRACT > HEATER > MIXER > PUMP > RADFRAC > RCSTR > RSTOIC > SEP | 17条连接,OK,-
Biofuel and Biochemicals,Biomass characterization,Biomass feedstock pure and NC compositions.bkp,FLOWSHEET,30,6,13,MIXER + RSTOIC + SEP,NRTL,SET3,DESIGN-SPEC CALCULATOR,OPTIMIZATION CONV-OPTIONS,-,20.00~25.00 C,0.98~1.01 bar,5,MIXER > RSTOIC > SEP | 5条连接,OK,-
Biofuel and Biochemicals,Biomass characterization,Biomass feedstock ranzi species.bkp,FLOWSHEET,51,1,2,MIXER,PR-BM,KJCATM,-,OPTIMIZATION,-,25.00 C,0.98 bar,-,MIXER,OK,-
Biofuel and Biochemicals,Biomass pyrolysis\Biomass pyrolysis with RYIELD,Softwood biomass conversion to bio-fuel through pyrolysis with RYIELD.bkp,FLOWSHEET,33,38,54,COMPR + DECANTER + FLASH2 + FSPLIT + HEATER + HEATX + HIERARCHY + MIXER + PUMP + RADFRAC + RSTOIC + RYIELD + SEP + SSPLIT,PR-BM / NRTL,SET3,DESIGN-SPEC CALCULATOR,OPTIMIZATION CONV-OPTIONS,-,25.00~720.00 C,0.98~2.41 bar,38,COMPR > DECANTER > FLASH2 > FSPLIT > HEATER > HEATX > HIERARCHY > MIXER | 38条连接,OK,-
Bulk Chemicals,Distillation Synthesis,ICPEbegin.bkp,FLOWSHEET,10,8,12,CONSEP + HEATER + MIXER + RADFRAC,NRTL-HOC / UNIQ-HOC / WILS-HOC,-,-,OPTIMIZATION,-,25.00~40.00 C,1.00~6.00 bar,8,CONSEP > HEATER > MIXER > RADFRAC | 8条连接,OK,-
Bulk Chemicals,Distillation,3phase.bkp,FLOWSHEET,4,3,8,DECANTER + HEATER + RADFRAC,NRTL-RK,SET1,-,OPTIMIZATION CONV-OPTIONS,KINETIC REAC-DIST,20.00~130.00 C,1.01 bar,3,DECANTER > HEATER > RADFRAC | 3条连接,OK,-
Bulk Chemicals,Ethylene Glycol,Ethylene Glycol Plant Example.bkp,FLOWSHEET,6,15,29,FLASH2 + FSPLIT + HEATER + MIXER + RADFRAC + RPLUG,CPA,SET1,OPTIMIZATION,CONV-OPTIONS,RPLUG,25.00~200.00 C,0.01~35.00 bar,19,FLASH2 > FSPLIT > HEATER > MIXER > RADFRAC > RPLUG | 19条连接,OK,-
Bulk Chemicals,Methanol,methanol synthesis - ici syntex quench reactor process.bkp,FLOWSHEET,16,40,56,COMPR + FLASH2 + FSPLIT + HEATER + HXFLUX + MIXER + PUMP + RADFRAC + RPLUG,SRK / CPA / NRTL / NRTL-RK / PC-SAFT,US-2,SENSITIVITY,OPTIMIZATION CONV-OPTIONS,LHHW POWERLAW RPLUG,25.00~220.10 C,-0.34~80.00 bar,49,COMPR > FLASH2 > FSPLIT > HEATER > HXFLUX > MIXER > PUMP > RADFRAC | 49条连接,OK,-
Bulk Chemicals,Methanol,methanol synthesis lab reactor.bkp,FLOWSHEET,16,2,5,RGIBBS + RPLUG,SRK / NRTL / NRTL-RK / STEAMNBS,SI-CBAR,SENSITIVITY,OPTIMIZATION CONV-OPTIONS,LHHW POWERLAW RPLUG,140.00~498.20 C,40.00~50.00 bar,2,RGIBBS > RPLUG | 2条连接,OK,-
Bulk Chemicals,Methanol,methanol synthesis-data regression.bkp,DRS,16,40,56,COMPR + FLASH2 + FSPLIT + HEATER + HXFLUX + MIXER + PUMP + RADFRAC + RPLUG,SRK / CPA / NRTL / NRTL-RK / PC-SAFT,US-2,-,OPTIMIZATION CONV-OPTIONS,LHHW POWERLAW RPLUG,25.00~220.10 C,-0.34~80.00 bar,49,COMPR > FLASH2 > FSPLIT > HEATER > HXFLUX > MIXER > PUMP > RADFRAC | 49条连接,OK,-
Bulk Chemicals,Methanol,methanol synthesis-lurgi two stage process.bkp,FLOWSHEET,16,33,47,COMPR + FLASH2 + FSPLIT + HEATER + HXFLUX + MIXER + PUMP + RADFRAC + RPLUG,SRK / CPA / NRTL / NRTL-RK / PC-SAFT,US-2,DESIGN-SPEC,OPTIMIZATION CONV-OPTIONS,LHHW POWERLAW RPLUG,25.00~250.00 C,-0.34~92.00 bar,40,COMPR > FLASH2 > FSPLIT > HEATER > HXFLUX > MIXER > PUMP > RADFRAC | 40条连接,OK,-
Bulk Chemicals,-,Triple-Effect Evaporator.bkp,FLOWSHEET,6,6,14,FLASH2 + HEATER,ELECNRTL / STEAMNBS,METCBAR,DESIGN-SPEC SENSITIVITY,OPTIMIZATION CONV-OPTIONS,-,25.00~200.00 C,0.50~1.01 bar,7,FLASH2 > HEATER | 7条连接,OK,-
Bulk Chemicals,-,advchex.bkp,FLOWSHEET,6,10,19,FLASH2 + FSPLIT + HEATER + MIXER + RADFRAC + RSTOIC,RK-SOAVE / SYSOP3 / STEAM-TA,ENG,DESIGN-SPEC,OPTIMIZATION CONV-OPTIONS,-,37.80~204.40 C,-1.03~23.10 bar,11,FLASH2 > FSPLIT > HEATER > MIXER > RADFRAC > RSTOIC | 11条连接,OK,-
Bulk Chemicals,-,cumene.bkp,FLOWSHEET,3,3,5,FLASH2 + HEATER + RSTOIC,SRK / STEAMNBS,ENG,DESIGN-SPEC SENSITIVITY CALCULATOR,OPTIMIZATION CONV-OPTIONS,-,54.40~104.40 C,-0.01~2.48 bar,3,FLASH2 > HEATER > RSTOIC | 3条连接,OK,-
Bulk Chemicals,-,mchpfd.bkp,FLOWSHEET,3,1,4,RADFRAC,UNIFAC,ENG,-,OPTIMIZATION,-,104.40 C,1.10~1.39 bar,-,RADFRAC,OK,-
Bulk Chemicals,-,pfdtut.bkp,FLOWSHEET,5,6,12,FLASH2 + FSPLIT + HEATER + RADFRAC + RSTOIC,RK-SOAVE,ENG,DESIGN-SPEC,OPTIMIZATION CONV-OPTIONS,-,37.80~204.40 C,-1.03~23.10 bar,7,FLASH2 > FSPLIT > HEATER > RADFRAC > RSTOIC | 7条连接,OK,-
Carbon Capture,Amines ELECNRTL,ELECNRTL_Rate_Based_AMP_Model.bkp,FLOWSHEET,16,2,7,RADFRAC,ELECNRTL,SI,-,OPTIMIZATION,KINETIC REAC-DIST,41.00~99.00 C,0.98~1.96 bar,-,RADFRAC,OK,-
Carbon Capture,Amines ELECNRTL,ELECNRTL_Rate_Based_DEA+MDEA_Model.bkp,FLOWSHEET,24,1,4,RADFRAC,ELECNRTL,SI,-,OPTIMIZATION,KINETIC REAC-DIST,26.70~47.80 C,-,-,RADFRAC,OK,-
Carbon Capture,Amines ELECNRTL,ELECNRTL_Rate_Based_DEA_Model.bkp,FLOWSHEET,19,2,7,RADFRAC,ELECNRTL,SI,-,OPTIMIZATION,KINETIC REAC-DIST,22.20~100.00 C,63.07 bar,-,RADFRAC,OK,-
Carbon Capture,Amines ELECNRTL,ELECNRTL_Rate_Based_DGA_Model.bkp,FLOWSHEET,17,1,4,RADFRAC,ELECNRTL,SI,-,OPTIMIZATION,KINETIC REAC-DIST,31.10~48.30 C,-,-,RADFRAC,OK,-
Carbon Capture,Amines ELECNRTL,ELECNRTL_Rate_Based_DIPA_Model.bkp,FLOWSHEET,19,1,4,RADFRAC,ELECNRTL,SI,-,OPTIMIZATION,KINETIC REAC-DIST,22.20~38.90 C,-,-,RADFRAC,OK,-
Carbon Capture,Amines ELECNRTL,ELECNRTL_Rate_Based_K2CO3_Model.bkp,FLOWSHEET,17,2,8,RADFRAC,ELECNRTL,US-2,-,OPTIMIZATION,KINETIC REAC-DIST,25.00~56.90 C,-,-,RADFRAC,OK,-
Carbon Capture,Amines ELECNRTL,ELECNRTL_Rate_Based_MDEA_Model.bkp,FLOWSHEET,16,1,4,RADFRAC,ELECNRTL,SI,-,OPTIMIZATION,KINETIC REAC-DIST,32.20~43.90 C,55.00~55.16 bar,-,RADFRAC,OK,-
Carbon Capture,Amines ELECNRTL,ELECNRTL_Rate_Based_MEA+MDEA_Model.bkp,FLOWSHEET,18,1,4,RADFRAC,ELECNRTL,SI,-,OPTIMIZATION,KINETIC REAC-DIST,24.90 C,0.98 bar,-,RADFRAC,OK,-
Carbon Capture,Amines ELECNRTL,ELECNRTL_Rate_Based_MEA_Model.bkp,FLOWSHEET,16,4,8,HEATER + PUMP + RADFRAC,ELECNRTL,SI,-,OPTIMIZATION,KINETIC REAC-DIST,40.20~81.20 C,0.98 bar,3,HEATER > PUMP > RADFRAC | 3条连接,OK,-
Carbon Capture,Amines ELECNRTL,ELECNRTL_Rate_Based_NH3_Model.bkp,FLOWSHEET,14,2,6,FLASH2,ELECNRTL,SI,-,OPTIMIZATION,KINETIC REAC-DIST,15.60~60.00 C,0.98 bar,1,FLASH2 | 1条连接,OK,-
Carbon Capture,Amines ELECNRTL,ELECNRTL_Rate_Based_NaOH_Model.bkp,FLOWSHEET,14,1,4,RADFRAC,ELECNRTL,SI,-,OPTIMIZATION,KINETIC REAC-DIST,20.00~21.00 C,1.01~1.03 bar,-,RADFRAC,OK,-
Carbon Capture,Amines ELECNRTL,ELECNRTL_Rate_Based_PZ+MDEA_Model.bkp,FLOWSHEET,18,1,4,FLASH2,ELECNRTL,US-1,-,OPTIMIZATION,KINETIC REAC-DIST,40.00 C,0.98 bar,-,FLASH2,OK,-
Carbon Capture,Amines ELECNRTL,ELECNRTL_Rate_Based_PZ+MEA_Model.bkp,FLOWSHEET,19,1,4,FLASH2,ELECNRTL,US-1,-,OPTIMIZATION,KINETIC REAC-DIST,40.00 C,0.98 bar,-,FLASH2,OK,-
Carbon Capture,Amines ELECNRTL,ELECNRTL_Rate_Based_PZ_Model.bkp,FLOWSHEET,16,1,4,FLASH2,ELECNRTL,US-1,-,OPTIMIZATION,KINETIC REAC-DIST,40.00 C,-,-,FLASH2,OK,-
Carbon Capture,Amines ELECNRTL,ELECNRTL_Rate_Based_TEA_Model.bkp,FLOWSHEET,12,1,4,RADFRAC,ELECNRTL,SI,-,OPTIMIZATION CONV-OPTIONS,KINETIC REAC-DIST,49.00~69.00 C,28.70~28.80 bar,-,RADFRAC,OK,-
Carbon Capture,Amines ENRTL-RK,ENRTL-RK_Rate_Based_DEA_Model.bkp,FLOWSHEET,19,2,7,RADFRAC,ENRTL-RK / PC-SAFT,SI,-,OPTIMIZATION,KINETIC REAC-DIST,22.20~100.00 C,-,-,RADFRAC,OK,-
Carbon Capture,Amines ENRTL-RK,ENRTL-RK_Rate_Based_DGA_Model.bkp,FLOWSHEET,17,8,16,HEATER + HEATX + MIXER + PUMP + RADFRAC,ENRTL-RK,SET1,DESIGN-SPEC,OPTIMIZATION CONV-OPTIONS,KINETIC REAC-DIST,12.00~112.10 C,0.98~2.40 bar,10,HEATER > HEATX > MIXER > PUMP > RADFRAC | 10条连接,OK,-
Carbon Capture,Amines ENRTL-RK,ENRTL-RK_Rate_Based_DIPA_Model.bkp,FLOWSHEET,16,7,15,HEATER + HEATX + MIXER + RADFRAC,ENRTL-RK,SET1,DESIGN-SPEC,OPTIMIZATION CONV-OPTIONS,KINETIC REAC-DIST,12.80~122.60 C,1.00~2.40 bar,9,HEATER > HEATX > MIXER > RADFRAC | 9条连接,OK,-
Carbon Capture,Amines ENRTL-RK,ENRTL-RK_Rate_Based_MDEA_Model.bkp,FLOWSHEET,16,9,17,CHARGEBAL + HEATER + HEATX + MIXER + RADFRAC,ENRTL-RK,SET1,DESIGN-SPEC,OPTIMIZATION CONV-OPTIONS,KINETIC REAC-DIST,15.00~118.50 C,0.98~2.40 bar,11,CHARGEBAL > HEATER > HEATX > MIXER > RADFRAC | 11条连接,OK,-
Carbon Capture,Amines ENRTL-RK,ENRTL-RK_Rate_Based_MEA_Model.bkp,FLOWSHEET,19,10,19,FLASH2 + HEATER + HEATX + MIXER + PUMP + RADFRAC,ENRTL-RK,SET1,DESIGN-SPEC,OPTIMIZATION CONV-OPTIONS,KINETIC REAC-DIST,15.00~120.40 C,0.00~2.90 bar,12,FLASH2 > HEATER > HEATX > MIXER > PUMP > RADFRAC | 12条连接,OK,-
Carbon Capture,Amines ENRTL-RK,ENRTL-RK_Rate_Based_NH3_Model.bkp,FLOWSHEET,14,2,6,FLASH2,ENRTL-RK,SI,-,OPTIMIZATION,KINETIC REAC-DIST,15.60~60.00 C,0.98 bar,1,FLASH2 | 1条连接,OK,-
Carbon Capture,Amines ENRTL-RK,ENRTL-RK_Rate_Based_PZ+MDEA_Model.bkp,FLOWSHEET,21,8,17,HEATER + HEATX + MIXER + PUMP + RADFRAC,ENRTL-RK / PC-SAFT,MET,CALCULATOR,DESIGN-SPEC OPTIMIZATION CONV-OPTIONS,KINETIC REAC-DIST,12.00~121.50 C,0.97~2.81 bar,10,HEATER > HEATX > MIXER > PUMP > RADFRAC | 10条连接,OK,-
Carbon Capture,Amines ENRTL-RK,ENRTL-RK_Rate_Based_PZ_Model.bkp,FLOWSHEET,19,1,4,FLASH2,ENRTL-RK,SI,-,OPTIMIZATION,KINETIC REAC-DIST,40.00 C,0.98 bar,-,FLASH2,OK,-
Carbon Capture,Amines ENRTL-RK,ENRTL-RK_Rate_Based_Sulfolane-DIPA_Model.bkp,FLOWSHEET,15,1,4,FLASH2,ENRTL-RK,SI,-,OPTIMIZATION,KINETIC REAC-DIST,40.00 C,9.81 bar,-,FLASH2,OK,-
Carbon Capture,Amines ENRTL-RK,ENRTL-RK_Rate_Based_Sulfolane-MDEA_Model.bkp,FLOWSHEET,16,1,4,FLASH2,ENRTL-RK,SI,-,OPTIMIZATION,KINETIC REAC-DIST,40.00 C,49.03 bar,-,FLASH2,OK,-
Carbon Capture,Amines ENRTL-RK,ENRTL-RK_Rate_Based_TEA_Model.bkp,FLOWSHEET,18,5,10,HEATER + MIXER + PUMP + RADFRAC,ENRTL-RK / PC-SAFT,SI,-,OPTIMIZATION CONV-OPTIONS,KINETIC REAC-DIST,28.50~68.50 C,1.72~34.13 bar,5,HEATER > MIXER > PUMP > RADFRAC | 5条连接,OK,-
Carbon Capture,Industrial Scale,CO2 and H2S Removal using K2CO3.bkp,FLOWSHEET,17,10,16,CHARGEBAL + FLASH2 + HEATER + MIXER + PUMP + RADFRAC + VALVE,ENRTL-RK,SI,CALCULATOR,OPTIMIZATION,KINETIC REAC-DIST,30.00~100.00 C,1.01~21.70 bar,10,CHARGEBAL > FLASH2 > HEATER > MIXER > PUMP > RADFRAC > VALVE | 10条连接,OK,-
Carbon Capture,Industrial Scale,CO2 capture from coal power plant using MEA.bkp,FLOWSHEET,14,10,18,CHARGEBAL + HEATER + MAKEUP + PUMP + RADFRAC,ENRTL-RK,METCBAR,-,OPTIMIZATION CONV-OPTIONS,KINETIC REAC-DIST,20.00~80.00 C,1.00~1.08 bar,12,CHARGEBAL > HEATER > MAKEUP > PUMP > RADFRAC | 12条连接,OK,-
Carbon Capture,Industrial Scale,CO2 capture from natural gas power plant using MEA.bkp,FLOWSHEET,14,10,18,CHARGEBAL + HEATER + MAKEUP + PUMP + RADFRAC,ENRTL-RK,METCBAR,-,OPTIMIZATION CONV-OPTIONS,KINETIC REAC-DIST,20.00~70.00 C,1.00~1.30 bar,12,CHARGEBAL > HEATER > MAKEUP > PUMP > RADFRAC | 12条连接,OK,-
Carbon Capture,Industrial Scale,CO2 capture from syngas for IGCC using DEPG.bkp,FLOWSHEET,9,14,21,COMPR + FLASH2 + HEATER + MIXER + PUMP + RADFRAC + SEP,PC-SAFT,METCBAR,-,OPTIMIZATION,-,12.80~50.00 C,0.76~68.95 bar,17,COMPR > FLASH2 > HEATER > MIXER > PUMP > RADFRAC > SEP | 17条连接,OK,-
Carbon Capture,Industrial Scale,CO2 capture from syngas for IGCC using MEA.bkp,FLOWSHEET,17,9,16,CHARGEBAL + HEATER + MAKEUP + PUMP + RADFRAC + VALVE,ENRTL-RK,METCBAR,-,OPTIMIZATION CONV-OPTIONS,KINETIC REAC-DIST,20.00~93.30 C,1.01~17.24 bar,10,CHARGEBAL > HEATER > MAKEUP > PUMP > RADFRAC > VALVE | 10条连接,OK,-
Carbon Capture,Industrial Scale,CO2 capture using K2CO3.bkp,FLOWSHEET,15,10,16,CHARGEBAL + FLASH2 + HEATER + MIXER + PUMP + RADFRAC + VALVE,ENRTL-RK,SI,CALCULATOR,OPTIMIZATION,KINETIC REAC-DIST,40.00~100.00 C,1.01~21.70 bar,10,CHARGEBAL > FLASH2 > HEATER > MIXER > PUMP > RADFRAC > VALVE | 10条连接,OK,-
Carbon Capture,Physical Solvents,Aspen_Plus_DEPG_Model.bkp,FLOWSHEET,13,2,8,RADFRAC,PC-SAFT,ENG,-,OPTIMIZATION,-,-1.10~20.10 C,16.89~68.95 bar,-,RADFRAC,OK,-
Carbon Capture,Physical Solvents,Aspen_Plus_NMP_Model.bkp,FLOWSHEET,30,1,4,RADFRAC,PC-SAFT,US-1,-,OPTIMIZATION,-,-1.10~20.10 C,16.89~17.24 bar,-,RADFRAC,OK,-
Carbon Capture,Physical Solvents,Aspen_Plus_PC_Model.bkp,FLOWSHEET,34,1,4,RADFRAC,PC-SAFT,US-1,-,OPTIMIZATION,-,-1.10~20.10 C,16.89~17.24 bar,-,RADFRAC,OK,-
Carbon Capture,Physical Solvents,Aspen_Polymers_DEPG_Model.bkp,FLOWSHEET,21,2,8,RADFRAC,PC-SAFT,ENG,-,OPTIMIZATION,-,-1.10~20.10 C,0.98~68.95 bar,-,RADFRAC,OK,-
Carbon Capture,Physical Solvents,Rate_Based_MEOH_Model.bkp,FLOWSHEET,10,1,4,RADFRAC,PC-SAFT,ENG,-,OPTIMIZATION,-,-37.10~12.20 C,27.58 bar,-,RADFRAC,OK,-
Chemapp,-,Chemsage.bkp,FLOWSHEET,-,-,-,-,ENRTL-RK / ENRTL / UNIFAC / SRK / PC-SAFT / SOLIDS,-,CALCULATOR,OPTIMIZATION,-,-,-,-,-,OK,-
Chemapp,-,No-Fortran.bkp,FLOWSHEET,6,6,23,FLASH2 + FSPLIT + HEATER + MIXER + SSPLIT + USER2,FACT,SI,-,OPTIMIZATION,-,226.90~526.90 C,1.01 bar,12,FLASH2 > FSPLIT > HEATER > MIXER > SSPLIT > USER2 | 12条连接,OK,-
Chemapp,-,pbzn-LS.bkp,FLOWSHEET,6,6,23,FLASH2 + FSPLIT + HEATER + MIXER + SSPLIT + USER2,FACT,SI,CALCULATOR,OPTIMIZATION,-,226.90~526.90 C,1.01 bar,12,FLASH2 > FSPLIT > HEATER > MIXER > SSPLIT > USER2 | 12条连接,OK,-
Energy Analysis,-,1. Ethylene Plant Base Case Model.bkp,FLOWSHEET,12,22,36,COMPR + FLASH2 + FSPLIT + HEATER + HEATX + MIXER + RADFRAC + RSTOIC + VALVE,SRK / STEAMNBS,ENERGY,SENSITIVITY,OPTIMIZATION,-,-151.10~37.80 C,-,30,COMPR > FLASH2 > FSPLIT > HEATER > HEATX > MIXER > RADFRAC > RSTOIC | 30条连接,OK,-
Energy Analysis,-,2.1 Cumene Plant Base Case Model.bkp,FLOWSHEET,6,15,24,HEATER + HEATX + MIXER + PUMP + RADFRAC + RPLUG + VALVE,SRK / NRTL / STEAM-TA,ENERGY,DESIGN-SPEC SENSITIVITY OPTIMIZATION CALCULATOR,CONV-OPTIONS,RPLUG,25.00~350.00 C,24.52 bar,17,HEATER > HEATX > MIXER > PUMP > RADFRAC > RPLUG > VALVE | 17条连接,OK,-
Energy Analysis,-,2.2 Cumene Plant New Heat Exchanger Model.bkp,FLOWSHEET,6,18,31,HEATER + HEATX + MIXER + PUMP + RADFRAC + RPLUG + VALVE,SRK / NRTL / STEAM-TA,ENERGY,DESIGN-SPEC SENSITIVITY OPTIMIZATION CALCULATOR,CONV-OPTIONS,RPLUG,25.00~350.00 C,24.52 bar,22,HEATER > HEATX > MIXER > PUMP > RADFRAC > RPLUG > VALVE | 22条连接,OK,-
Energy,-,Carbon-Hydrogen Reaction.bkp,FLOWSHEET,15,1,3,RGIBBS,RK-SOAVE / NRTL,METCHEM,SENSITIVITY OPTIMIZATION,CONV-OPTIONS,-,25.00~700.00 C,2.00 bar,-,RGIBBS,OK,-
Energy,-,cdu.bkp,FLOWSHEET,10,2,9,HEATER + PETROFRAC,BK10,CRUDE,-,OPTIMIZATION,-,12.00~703.00 C,1.96~9.81 bar,1,HEATER > PETROFRAC | 1条连接,OK,-
Fertilizers,Ammonium Phosphates,Diammonium Phosphate by TVA Process.bkp,FLOWSHEET,29,26,49,CHARGEBAL + CRUSHER + CYCLONE + DRYER + FLASH2 + FLUIDBED + FSPLIT + GRANULATOR + MIXER + RADFRAC + RGIBBS + RSTOIC + SCREEN,ENRTL-RK / ELECNRTL / IDEAL / NRTL / NRTL-RK,US-1,DESIGN-SPEC CALCULATOR,OPTIMIZATION CONV-OPTIONS,-,25.00~113.00 C,1.00~5.00 bar,41,CHARGEBAL > CRUSHER > CYCLONE > DRYER > FLASH2 > FLUIDBED > FSPLIT > GRANULATOR | 41条连接,OK,-
Fertilizers,Ammonium Phosphates,Mono-ammonium Phosphate by TVA Process.bkp,FLOWSHEET,29,26,49,CHARGEBAL + CRUSHER + CYCLONE + DRYER + FLASH2 + FLUIDBED + FSPLIT + GRANULATOR + MIXER + RADFRAC + RGIBBS + RSTOIC + SCREEN,ENRTL-RK / ELECNRTL / IDEAL / NRTL / NRTL-RK,US-1,DESIGN-SPEC CALCULATOR,OPTIMIZATION CONV-OPTIONS,-,25.00~113.00 C,1.00~5.00 bar,41,CHARGEBAL > CRUSHER > CYCLONE > DRYER > FLASH2 > FLUIDBED > FSPLIT > GRANULATOR | 41条连接,OK,-
Fertilizers,Potash,CrystallizationAndDrying.bkp,FLOWSHEET,8,26,43,CFUGE + CLASSIFIER + COMPR + CRUSHER + CRYSTALLIZER + CYCLONE + DRYER + FSPLIT + GRANULATOR + HEATER + HEATX + HIERARCHY + HYCYC + MIXER + PUMP + RSTOIC + SCREEN,ELECNRTL,REPORT,-,OPTIMIZATION CONV-OPTIONS,-,20.00~350.00 C,-0.10~4.00 bar,35,CFUGE > CLASSIFIER > COMPR > CRUSHER > CRYSTALLIZER > CYCLONE > DRYER > FSPLIT | 35条连接,OK,-
Fertilizers,Sulfuric Acid,Aspen_Plus_H2SO4_Model.bkp,FLOWSHEET,8,1,4,FLASH2,ENRTL-SR,SI,-,OPTIMIZATION,-,90.00 C,1.96 bar,-,FLASH2,OK,-
Getting Started,EO,EOGSG1.bkp,FLOWSHEET,2,1,4,RADFRAC,SRK / STEAMNBS,METCBAR,-,OPTIMIZATION,-,25.00 C,20.00~25.00 bar,-,RADFRAC,OK,-
Getting Started,EO,EOGSG2.bkp,FLOWSHEET,3,3,7,HEATER + HXFLUX + RADFRAC,SRK / STEAMNBS,METCBAR,-,OPTIMIZATION,-,25.00 C,-0.10~25.00 bar,2,HEATER > HXFLUX > RADFRAC | 2条连接,OK,-
Getting Started,EO,EOGSG3.bkp,FLOWSHEET,3,3,7,HEATER + HXFLUX + RADFRAC,SRK / STEAMNBS,METCBAR,-,OPTIMIZATION,-,25.00 C,-0.10~25.00 bar,2,HEATER > HXFLUX > RADFRAC | 2条连接,OK,-
Getting Started,EO,EOGSG4.bkp,FLOWSHEET,3,3,7,HEATER + HXFLUX + RADFRAC,SRK / STEAMNBS,METCBAR,-,OPTIMIZATION,-,25.00 C,-0.10~25.00 bar,2,HEATER > HXFLUX > RADFRAC | 2条连接,OK,-
Getting Started,Electrolytes,elec1.bkp,FLOWSHEET,8,2,5,FLASH2 + MIXER,ENRTL-RK / ELECNRTL,METCBAR,-,OPTIMIZATION,-,25.00 C,1.00 bar,1,FLASH2 > MIXER | 1条连接,OK,-
Getting Started,Electrolytes,elec2.bkp,FLOWSHEET,11,1,4,RADFRAC,ENRTL-RK / ELECNRTL,ENG,-,OPTIMIZATION,-,87.80 C,1.03 bar,-,RADFRAC,OK,-
Getting Started,Petroleum,blend.bkp,PROP,11,-,-,-,IDEAL,ENGPETRO,-,OPTIMIZATION,-,48.90~910.00 C,-,-,-,OK,-
Getting Started,Petroleum,crude.bkp,FLOWSHEET,11,2,16,PETROFRAC,BK10,ENGPETRO,-,OPTIMIZATION,-,48.90~910.00 C,1.08~4.14 bar,1,PETROFRAC | 1条连接,OK,-
Getting Started,Petroleum,pprop.bkp,FLOWSHEET,11,3,21,PETROFRAC,BK10,ENGPETRO,-,OPTIMIZATION,-,48.90~910.00 C,0.14~4.14 bar,2,PETROFRAC | 2条连接,OK,-
Getting Started,Petroleum,preflash.bkp,FLOWSHEET,11,1,6,PETROFRAC,BK10,ENGPETRO,-,OPTIMIZATION,-,48.90~910.00 C,2.74~4.14 bar,-,PETROFRAC,OK,-
Getting Started,Petroleum,vacuum.bkp,FLOWSHEET,11,3,21,PETROFRAC,BK10,ENGPETRO,-,OPTIMIZATION,-,48.90~910.00 C,0.14~4.14 bar,2,PETROFRAC | 2条连接,OK,-
Getting Started,Process,flash.bkp,PROP,2,1,3,FLASH2,NRTL,ENG,-,OPTIMIZATION CONV-OPTIONS,-,-,-,-,FLASH2,OK,-
Getting Started,Process,mch.bkp,FLOWSHEET,3,1,4,RADFRAC,UNIFAC,ENG,-,OPTIMIZATION,-,104.40 C,1.10~1.39 bar,-,RADFRAC,OK,-
Getting Started,Process,mchsens.bkp,FLOWSHEET,3,1,4,RADFRAC,UNIFAC,ENG,SENSITIVITY,OPTIMIZATION,-,104.40 C,1.10~1.39 bar,-,RADFRAC,OK,-
Getting Started,Process,mchspec.bkp,FLOWSHEET,3,1,4,RADFRAC,UNIFAC,ENG,DESIGN-SPEC,OPTIMIZATION,-,104.40 C,1.10~1.39 bar,-,RADFRAC,OK,-
Getting Started,Process,thiazole.bkp,PCES,1,-,-,-,ENRTL-RK / ENRTL / NRTL / UNIQUAC / UNIFAC / SRK,ENG,-,OPTIMIZATION,-,-,-,-,-,OK,-
Getting Started,Solids,solid1.bkp,FLOWSHEET,4,2,5,FLASH2 + RSTOIC,IDEAL,ENG,CALCULATOR,OPTIMIZATION,-,25.00~132.20 C,1.01 bar,1,FLASH2 > RSTOIC | 1条连接,OK,-
Getting Started,Solids,solid2.bkp,FLOWSHEET,16,5,11,FLASH2 + RGIBBS + RSTOIC + RYIELD + SSPLIT,IDEAL,ENG,CALCULATOR,OPTIMIZATION,-,25.00~132.20 C,1.01 bar,4,FLASH2 > RGIBBS > RSTOIC > RYIELD > SSPLIT | 4条连接,OK,-
Getting Started,Solids,solid3.bkp,FLOWSHEET,16,8,16,CYCLONE + ESP + FABFL + FLASH2 + HEATER + RGIBBS + RSTOIC + RYIELD,IDEAL,ENG,CALCULATOR,OPTIMIZATION,-,25.00~204.40 C,1.01 bar,7,CYCLONE > ESP > FABFL > FLASH2 > HEATER > RGIBBS > RSTOIC > RYIELD | 7条连接,OK,-
Getting Started,Solids,solid4.bkp,FLOWSHEET,4,4,10,CCD + CYCLONE + HYCYC + MIXER,NRTL,ENG,-,OPTIMIZATION,-,32.20~176.70 C,1.03~1.10 bar,3,CCD > CYCLONE > HYCYC > MIXER | 3条连接,OK,-
How To,Data Fit,datafit1.bkp,FLOWSHEET,3,1,2,RBATCH,SYSOP0,SET1,-,OPTIMIZATION,KINETIC POWERLAW RBATCH,25.00~30.00 C,1.00 bar,-,RBATCH,OK,-
How To,Data Fit,datafit2.bkp,FLOWSHEET,2,1,3,RADFRAC,NRTL,ENG,CALCULATOR,OPTIMIZATION,-,25.00 C,1.03 bar,-,RADFRAC,OK,-
How To,Data Regression,drs1.bkp,DRS,2,-,-,-,WILSON / NRTL / UNIQUAC,SET1,-,OPTIMIZATION,-,-,-,-,-,OK,-
How To,-,Hierarchy.bkp,FLOWSHEET,3,7,7,ANALYZER + HEATER + HIERARCHY + HXFLUX + RADFRAC,RK-SOAVE,METCBAR,-,OPTIMIZATION CONV-OPTIONS,-,-50.00~25.00 C,-0.10~22.00 bar,2,ANALYZER > HEATER > HIERARCHY > HXFLUX > RADFRAC | 2条连接,OK,-
Hydrogen,Alkaline electrolysis\Industrial Scale Alkaline Electrolyzer,Industrial Scale Alkaline Electrolyzer.bkp,FLOWSHEET,8,11,17,ELECTROLYZER + FLASH2 + FSPLIT + HEATER + MIXER + PUMP + RSTOIC + SEP,ENRTL-RK / NRTL / NRTL-RK / STEAMNBS,SI,SENSITIVITY CALCULATOR,OPTIMIZATION CONV-OPTIONS,-,25.00~80.00 C,1.00~8.00 bar,12,ELECTROLYZER > FLASH2 > FSPLIT > HEATER > MIXER > PUMP > RSTOIC > SEP | 12条连接,OK,-
Hydrogen,Ammonia decomposition,Ammonia decomposition datafit.bkp,FLOWSHEET,9,2,4,RGIBBS + RPLUG,PC-SAFT / NRTL,US-2,SENSITIVITY,OPTIMIZATION,POWERLAW RPLUG,25.00~400.00 C,1.00 bar,-,RGIBBS > RPLUG,OK,-
Hydrogen,Ammonia decomposition,Ammonia decomposition furnace reactor.bkp,FLOWSHEET,10,32,32,COMPR + FSPLIT + HEATER + HXFLUX + PUMP + RGIBBS + RPLUG,PC-SAFT / NRTL / REFPROP / STEAMNBS,US-3,DESIGN-SPEC SENSITIVITY CALCULATOR,OPTIMIZATION CONV-OPTIONS,POWERLAW RPLUG,20.00~1236.40 C,-0.01~20.00 bar,28,COMPR > FSPLIT > HEATER > HXFLUX > PUMP > RGIBBS > RPLUG | 28条连接,OK,-
Hydrogen,Liquefaction,Alternative single mixed refrigerant (SMR+) PRICO precooling.bkp,FLOWSHEET,10,15,22,ANALYZER + COMPR + FLASH2 + HEATER + MHEATX + MIXER + PUMP + VALVE,HYSPR / PENG-ROB,H2,DESIGN-SPEC SENSITIVITY,OPTIMIZATION CONV-OPTIONS,-,-24.70~26.90 C,3.00~80.00 bar,16,ANALYZER > COMPR > FLASH2 > HEATER > MHEATX > MIXER > PUMP > VALVE | 16条连接,OK,-
Hydrogen,Liquefaction,Cascade mixed refrigerant (CMR) precooling.bkp,FLOWSHEET,10,18,29,COMPR + FLASH2 + HEATER + MHEATX + MIXER + PUMP + VALVE,HYSPR / PENG-ROB,H2,-,OPTIMIZATION CONV-OPTIONS,-,-66.70~26.90 C,4.00~80.00 bar,23,COMPR > FLASH2 > HEATER > MHEATX > MIXER > PUMP > VALVE | 23条连接,OK,-
Hydrogen,Liquefaction,H2 cryogenic process.bkp,FLOWSHEET,15,62,96,COMPR + FLASH2 + HEATER + MHEATX + MIXER + PUMP + VALVE,HYSPR,H2,-,OPTIMIZATION CONV-OPTIONS,-,-252.30~25.00 C,0.46~30.00 bar,88,COMPR > FLASH2 > HEATER > MHEATX > MIXER > PUMP > VALVE | 88条连接,OK,-
Hydrogen,Liquefaction,Single mixed refrigerant (SMR) PRICO precooling.bkp,FLOWSHEET,10,7,12,ANALYZER + COMPR + HEATER + MHEATX + VALVE,HYSPR / PENG-ROB,H2,DESIGN-SPEC,OPTIMIZATION,-,-4.60~26.90 C,4.00~80.00 bar,8,ANALYZER > COMPR > HEATER > MHEATX > VALVE | 8条连接,OK,-
Metals and Minerals,-,Blast Furnace for Production of Iron.bkp,FLOWSHEET,13,6,17,MHEATX + MIXER + RGIBBS,SOLIDS,SET1,-,OPTIMIZATION CONV-OPTIONS,-,20.00~2445.00 C,5.00 bar,10,MHEATX > MIXER > RGIBBS | 10条连接,OK,-
Metals and Minerals,-,Caustic Evaporators.bkp,FLOWSHEET,31,2,5,FLASH2,ENRTL-RK,US-1,-,OPTIMIZATION,-,75.00~130.00 C,0.12~1.00 bar,1,FLASH2 | 1条连接,OK,-
Metals and Minerals,-,Iron Process Acid Regeneration.bkp,FLOWSHEET,22,3,8,FLASH2 + RGIBBS,ELECNRTL / ENRTL-RK / IDEAL / NRTL,METHYDRO,-,OPTIMIZATION,-,25.00~96.00 C,0.95~2.00 bar,2,FLASH2 > RGIBBS | 2条连接,OK,-
Midstream,Dehydration,teg.bkp,FLOWSHEET,21,1,4,RADFRAC,SR-POLAR / NRTL-RK,ENG,SENSITIVITY,OPTIMIZATION CONV-OPTIONS,-,29.40~40.60 C,34.47~41.37 bar,-,RADFRAC,OK,-
Midstream,NGL,ngl.bkp,FLOWSHEET,16,6,11,COMPR + FLASH2 + HEATER + MHEATX + PUMP + RADFRAC,RK-SOAVE / BK10 / BWR-LS / PENG-ROB,ENG,SENSITIVITY,OPTIMIZATION CALCULATOR,-,65.60 C,-0.69~68.95 bar,6,COMPR > FLASH2 > HEATER > MHEATX > PUMP > RADFRAC | 6条连接,OK,-
PVT Experiments,PR,Constant_Mass_Expansion_PR_Model_Tuning_Step I.bkp,FLOWSHEET,22,52,82,FLASH2 + MIXER,PENG-ROB,SI,CALCULATOR,OPTIMIZATION,-,155.00 C,146.20~607.95 bar,52,FLASH2 > MIXER | 52条连接,OK,-
PVT Experiments,PR,Constant_Mass_Expansion_PR_Model_Tuning_Step II.bkp,FLOWSHEET,22,52,82,FLASH2 + MIXER,PENG-ROB,SI,CALCULATOR,OPTIMIZATION,-,155.00 C,146.20~607.95 bar,52,FLASH2 > MIXER | 52条连接,OK,-
PVT Experiments,PR,Constant_Volume_Depletion_PR_Model_Tuning_Step I.bkp,FLOWSHEET,22,23,39,FLASH2 + FSPLIT + MIXER,PENG-ROB,SI,DESIGN-SPEC CALCULATOR,OPTIMIZATION CONV-OPTIONS,-,150.50 C,49.30~400.00 bar,29,FLASH2 > FSPLIT > MIXER | 29条连接,OK,-
PVT Experiments,PR,Constant_Volume_Depletion_PR_Model_Tuning_Step II.bkp,FLOWSHEET,22,23,39,FLASH2 + FSPLIT + MIXER,PENG-ROB,SI,DESIGN-SPEC CALCULATOR,OPTIMIZATION CONV-OPTIONS,-,150.50 C,49.30~400.00 bar,29,FLASH2 > FSPLIT > MIXER | 29条连接,OK,-
PVT Experiments,PR,Differential_Liberation_PR_Model_Tuning_Step I.bkp,FLOWSHEET,13,18,39,FLASH2,PENG-ROB,SI,CALCULATOR,OPTIMIZATION,-,15.00~97.50 C,1.00~405.30 bar,18,FLASH2 | 18条连接,OK,-
PVT Experiments,PR,Differential_Liberation_PR_Model_Tuning_Step II.bkp,FLOWSHEET,13,18,39,FLASH2,PENG-ROB,SI,CALCULATOR,OPTIMIZATION,-,15.00~97.50 C,1.00~405.30 bar,18,FLASH2 | 18条连接,OK,-
PVT Experiments,PR,Separator_Test_PR_Model_Tuning_Step I.bkp,FLOWSHEET,14,6,13,FLASH2,PENG-ROB,SI,CALCULATOR,OPTIMIZATION,-,15.00~97.80 C,1.00~200.00 bar,5,FLASH2 | 5条连接,OK,-
PVT Experiments,PR,Separator_Test_PR_Model_Tuning_Step II.bkp,FLOWSHEET,14,6,13,FLASH2,PENG-ROB,SI,CALCULATOR,OPTIMIZATION,-,15.00~97.80 C,1.00~200.00 bar,5,FLASH2 | 5条连接,OK,-
PVT Experiments,PR,Swelling_Test_PR_Model_Tuning_Step I.bkp,FLOWSHEET,22,5,16,FLASH2,PENG-ROB,SI,CALCULATOR,OPTIMIZATION,-,73.00 C,200.00~340.00 bar,4,FLASH2 | 4条连接,OK,-
PVT Experiments,PR,Swelling_Test_PR_Model_Tuning_Step II.bkp,FLOWSHEET,22,5,15,FLASH2,PENG-ROB,SI,CALCULATOR,OPTIMIZATION,-,73.00 C,200.00~340.00 bar,4,FLASH2 | 4条连接,OK,-
PVT Experiments,PR,Viscosity_Experiment_PR_Model_Tuning_Step I.bkp,FLOWSHEET,15,2,7,FLASH2,PENG-ROB,US-1,SENSITIVITY CALCULATOR,OPTIMIZATION,-,164.00 C,300.00~304.30 bar,2,FLASH2 | 2条连接,OK,-
PVT Experiments,PR,Viscosity_Experiment_PR_Model_Tuning_Step II.bkp,FLOWSHEET,15,2,7,FLASH2,PENG-ROB,US-1,SENSITIVITY CALCULATOR,OPTIMIZATION,-,164.00 C,300.00~304.30 bar,2,FLASH2 | 2条连接,OK,-
PVT Experiments,SAFT,Constant_Mass_Expansion_PC-SAFT_Model_Tuning.bkp,FLOWSHEET,22,52,82,FLASH2 + MIXER,PC-SAFT,SI,CALCULATOR,OPTIMIZATION,-,155.00 C,146.20~607.95 bar,52,FLASH2 > MIXER | 52条连接,OK,-
PVT Experiments,SAFT,Constant_Volume_Depletion_PC-SAFT_Model_Tuning.bkp,FLOWSHEET,22,23,39,FLASH2 + FSPLIT + MIXER,PC-SAFT,SI,DESIGN-SPEC CALCULATOR,OPTIMIZATION CONV-OPTIONS,-,150.50 C,49.30~400.00 bar,29,FLASH2 > FSPLIT > MIXER | 29条连接,OK,-
PVT Experiments,SAFT,Differential_Liberation_PC-SAFT_Model_Tuning.bkp,FLOWSHEET,13,18,39,FLASH2,PC-SAFT,SI,CALCULATOR,OPTIMIZATION,-,15.00~97.50 C,1.00~405.30 bar,18,FLASH2 | 18条连接,OK,-
PVT Experiments,SAFT,Separator_Test_PC-SAFT_Model_Tuning.bkp,FLOWSHEET,14,6,13,FLASH2,PC-SAFT,SI,CALCULATOR,OPTIMIZATION,-,15.00~97.80 C,1.01~250.00 bar,5,FLASH2 | 5条连接,OK,-
PVT Experiments,SAFT,Swelling_Test_PC-SAFT_Model_Tuning.bkp,FLOWSHEET,22,5,15,FLASH2,PC-SAFT,SI,CALCULATOR,OPTIMIZATION,-,73.00 C,250.00~340.00 bar,4,FLASH2 | 4条连接,OK,-
PVT Experiments,SAFT,Viscosity_Experiment_PC-SAFT_Model_Tuning.bkp,FLOWSHEET,15,2,7,FLASH2,PC-SAFT,SI-USER,SENSITIVITY CALCULATOR,OPTIMIZATION,-,164.00 C,300.00~304.30 bar,2,FLASH2 | 2条连接,OK,-
PVT Experiments,SRK,Constant_Mass_Expansion_SRK_Model_Tuning_Step I.bkp,FLOWSHEET,22,52,82,FLASH2 + MIXER,SRK,SI,CALCULATOR,OPTIMIZATION,-,155.00 C,146.20~607.95 bar,52,FLASH2 > MIXER | 52条连接,OK,-
PVT Experiments,SRK,Constant_Mass_Expansion_SRK_Model_Tuning_Step II.bkp,FLOWSHEET,22,52,82,FLASH2 + MIXER,SRK,SI,CALCULATOR,OPTIMIZATION,-,155.00 C,146.20~607.95 bar,52,FLASH2 > MIXER | 52条连接,OK,-
PVT Experiments,SRK,Constant_Volume_Depletion_SRK_Model_Tuning_Step I.bkp,FLOWSHEET,22,23,39,FLASH2 + FSPLIT + MIXER,SRK,SI,DESIGN-SPEC CALCULATOR,OPTIMIZATION CONV-OPTIONS,-,150.50 C,49.30~400.00 bar,29,FLASH2 > FSPLIT > MIXER | 29条连接,OK,-
PVT Experiments,SRK,Constant_Volume_Depletion_SRK_Model_Tuning_Step II.bkp,FLOWSHEET,22,23,39,FLASH2 + FSPLIT + MIXER,SRK,SI,DESIGN-SPEC CALCULATOR,OPTIMIZATION CONV-OPTIONS,-,150.50 C,49.30~400.00 bar,29,FLASH2 > FSPLIT > MIXER | 29条连接,OK,-
PVT Experiments,SRK,Differential_Liberation_SRK_Model_Tuning_Step I.bkp,FLOWSHEET,13,18,39,FLASH2,SRK,SI,CALCULATOR,OPTIMIZATION,-,15.00~97.50 C,1.00~405.30 bar,18,FLASH2 | 18条连接,OK,-
PVT Experiments,SRK,Differential_Liberation_SRK_Model_Tuning_Step II.bkp,FLOWSHEET,13,18,39,FLASH2,SRK,SI,CALCULATOR,OPTIMIZATION,-,15.00~97.50 C,1.00~405.30 bar,18,FLASH2 | 18条连接,OK,-
PVT Experiments,SRK,Separator_Test_SRK_Model_Tuning_Step I.bkp,FLOWSHEET,14,6,13,FLASH2,SRK,SI,CALCULATOR,OPTIMIZATION,-,15.00~97.80 C,1.00~200.00 bar,5,FLASH2 | 5条连接,OK,-
PVT Experiments,SRK,Separator_Test_SRK_Model_Tuning_Step II.bkp,FLOWSHEET,14,6,13,FLASH2,SRK,SI,CALCULATOR,OPTIMIZATION,-,15.00~97.80 C,1.00~200.00 bar,5,FLASH2 | 5条连接,OK,-
PVT Experiments,SRK,Swelling_Test_SRK_Model_Tuning_Step I.bkp,FLOWSHEET,22,5,16,FLASH2,SRK,SI,CALCULATOR,OPTIMIZATION,-,73.00 C,200.00~340.00 bar,4,FLASH2 | 4条连接,OK,-
PVT Experiments,SRK,Swelling_Test_SRK_Model_Tuning_Step II.bkp,FLOWSHEET,22,5,15,FLASH2,SRK,SI,CALCULATOR,OPTIMIZATION,-,73.00 C,200.00~340.00 bar,4,FLASH2 | 4条连接,OK,-
PVT Experiments,SRK,Viscosity_Experiment_SRK_Model_Tuning_Step I.bkp,FLOWSHEET,15,2,7,FLASH2,SRK,US-1,SENSITIVITY CALCULATOR,OPTIMIZATION,-,164.00 C,300.00~304.30 bar,2,FLASH2 | 2条连接,OK,-
PVT Experiments,SRK,Viscosity_Experiment_SRK_Model_Tuning_Step II.bkp,FLOWSHEET,15,2,7,FLASH2,SRK,US-1,SENSITIVITY CALCULATOR,OPTIMIZATION,-,164.00 C,300.00~304.30 bar,2,FLASH2 | 2条连接,OK,-
Pharmaceuticals,Mammalian cells culture,Mammalian cells culture.bkp,FLOWSHEET,11,15,13,BATCHOP + FSPLIT + HIERARCHY + SEP,BIOIDEAL,METCBAR,-,OPTIMIZATION CONV-OPTIONS,-,33.00 C,1.00 bar,3,BATCHOP > FSPLIT > HIERARCHY > SEP | 3条连接,OK,-
Pharmaceuticals,Penicillin,pen.bkp,FLOWSHEET,6,2,5,EXTRACT + RSTOIC,NRTL / IDEAL,ENGPHARM,SENSITIVITY CALCULATOR,OPTIMIZATION,-,5.00 C,0.98 bar,1,EXTRACT > RSTOIC | 1条连接,OK,-
Pharmaceuticals,-,solvent.bkp,FLOWSHEET,3,3,8,MIXER + RADFRAC,NRTL,ENGPHARM,SENSITIVITY CALCULATOR,OPTIMIZATION,-,37.80 C,1.03 bar,2,MIXER > RADFRAC | 2条连接,OK,-
Plant Data,C2 Splitter,C2SEO.bkp,FLOWSHEET,12,19,28,COMPR + FLASH2 + FSPLIT + HEATER + HXFLUX + MIXER + RADFRAC,SRK / STEAMNBS,OPSUP,DESIGN-SPEC SENSITIVITY,OPTIMIZATION CONV-OPTIONS,-,-35.00~-7.50 C,-0.20~36.00 bar,21,COMPR > FLASH2 > FSPLIT > HEATER > HXFLUX > MIXER > RADFRAC | 21条连接,OK,-
Polymers,-,IonicSB.bkp,FLOWSHEET,8,1,2,RBATCH,POLYNRTL,SBR,DESIGN-SPEC SENSITIVITY,OPTIMIZATION CONV-OPTIONS,RBATCH,50.00 C,9.81 bar,-,RBATCH,OK,-
Polymers,Polypropylene,pp.bkp,FLOWSHEET,9,6,17,COMPR + FLASH2 + MHEATX + MIXER + RCSTR,PC-SAFT / POLYPCSF,SET1,CALCULATOR,OPTIMIZATION CONV-OPTIONS,RCSTR,30.00~69.00 C,-2.00~30.00 bar,6,COMPR > FLASH2 > MHEATX > MIXER > RCSTR | 6条连接,OK,-
Polymers,Polystyrene,ps.bkp,FLOWSHEET,8,6,10,FLASH2 + HEATER + RCSTR + RPLUG,POLYNRTL,METCBAR,SENSITIVITY,OPTIMIZATION CONV-OPTIONS,RCSTR RPLUG,25.00~220.00 C,1.01~2.03 bar,5,FLASH2 > HEATER > RCSTR > RPLUG | 5条连接,OK,-
Polymers,Polystyrene,psea.bkp,FLOWSHEET,6,2,4,MIXER + RBATCH,POLYNRTL,SET1,CALCULATOR,OPTIMIZATION CONV-OPTIONS,RBATCH,50.00~60.00 C,0.98 bar,1,MIXER > RBATCH | 1条连接,OK,-
Polymers,Polystyrene,sbd.bkp,FLOWSHEET,9,1,3,RBATCH,POLYNRTL,SET1,-,OPTIMIZATION CONV-OPTIONS,RBATCH,20.00~75.00 C,10.00 bar,-,RBATCH,OK,-
Polymers,Polystyrene,sty_dist.bkp,FLOWSHEET,8,8,15,PUMP + RADFRAC + RCSTR,POLYNRTL,SET1,SENSITIVITY,OPTIMIZATION CONV-OPTIONS,KINETIC RCSTR,40.00~120.00 C,0.05~6.20 bar,10,PUMP > RADFRAC > RCSTR | 10条连接,OK,-
Polymers,-,pmma.bkp,FLOWSHEET,5,2,4,FLASH2 + RBATCH,POLYNRTL,MET,CALCULATOR,OPTIMIZATION CONV-OPTIONS,RBATCH,-0.10~60.00 C,0.13~0.98 bar,1,FLASH2 > RBATCH | 1条连接,OK,-
Polymers,-,polyacrylate.bkp,FLOWSHEET,14,11,20,CFUGE + COMPR + DRYER + FLASH2 + FSPLIT + HEATER + MIXER + RBATCH,PNRTL-IG / POLYNRTL,US-1,-,OPTIMIZATION CONV-OPTIONS,RBATCH,-10.00~180.00 C,-0.10~4.00 bar,12,CFUGE > COMPR > DRYER > FLASH2 > FSPLIT > HEATER > MIXER > RBATCH | 12条连接,OK,-
Polymers,-,polydrs.bkp,DRS,3,-,-,-,POLYSL,SI,-,OPTIMIZATION,-,-,-,-,-,OK,-
Polymers,-,polyfit.bkp,FLOWSHEET,5,1,2,RBATCH,POLYNRTL,SET1,-,OPTIMIZATION,RBATCH,64.50~65.00 C,0.98 bar,-,RBATCH,OK,-
Polymers,-,polyfracOlig.bkp,FLOWSHEET,13,1,5,FLASH3,POLYFH,ENG,-,OPTIMIZATION CONV-OPTIONS,-,38.60 C,1.01 bar,-,FLASH3,OK,-
Polymers,-,polypro.bkp,PROP,3,-,-,-,POLYNRTL,US-1,-,OPTIMIZATION,-,-,0.98 bar,-,-,OK,-
Polymers,-,polytut.bkp,FLOWSHEET,8,3,5,MIXER + RCSTR,POLYNRTL,SET1,-,OPTIMIZATION CONV-OPTIONS,RCSTR,70.00 C,0.98~1.96 bar,2,MIXER > RCSTR | 2条连接,OK,-
Power,Coal Gasification,igcc.bkp,FLOWSHEET,45,282,256,COMPR + CRUSHER + FLASH2 + FSPLIT + HEATER + HEATX + HIERARCHY + MHEATX + MIXER + PUMP + RADFRAC + REQUIL + RGIBBS + RSTOIC + SCREEN + SEP + SSPLIT,PENG-ROB / BWRS / ELECNRTL / IDEAL / PR-BM,ENG,DESIGN-SPEC CALCULATOR,OPTIMIZATION CONV-OPTIONS,-,-188.20~574.40 C,-4.41~173.52 bar,186,COMPR > CRUSHER > FLASH2 > FSPLIT > HEATER > HEATX > HIERARCHY > MHEATX | 186条连接,OK,-
Power,Coal Gasification,pipelinegas.bkp,FLOWSHEET,18,89,76,COMPR + CRUSHER + FLASH2 + FSPLIT + HEATER + HEATX + HIERARCHY + MHEATX + MIXER + PUMP + REQUIL + RGIBBS + RSTOIC + RYIELD + SCREEN + SEP + SSPLIT,PR-BM / IDEAL / RKS-BM / SOLIDS / STEAMNBS,ENG,CALCULATOR,OPTIMIZATION CONV-OPTIONS,-,25.00~908.20 C,0.34~44.82 bar,51,COMPR > CRUSHER > FLASH2 > FSPLIT > HEATER > HEATX > HIERARCHY > MHEATX | 51条连接,OK,-
Power,Cogeneration,cogeneration.bkp,FLOWSHEET,9,57,52,COMPR + FLASH2 + FSPLIT + HEATX + HIERARCHY + MIXER + PUMP + RGIBBS,PR-BM / PENG-ROB / STEAMNBS,METCBKW,CALCULATOR,OPTIMIZATION,-,15.00~160.00 C,1.01~76.50 bar,38,COMPR > FLASH2 > FSPLIT > HEATX > HIERARCHY > MIXER > PUMP > RGIBBS | 38条连接,OK,-
Power,Gas Turbine,Natural Gas Combined Cycle (NGCC) Power Plant.bkp,FLOWSHEET,11,31,51,COMPR + FLASH2 + FSPLIT + HEATER + HEATX + MIXER + PUMP + RSTOIC,PENG-ROB,US-2,DESIGN-SPEC,OPTIMIZATION CONV-OPTIONS,-,15.00~585.00 C,-,46,COMPR > FLASH2 > FSPLIT > HEATER > HEATX > MIXER > PUMP > RSTOIC | 46条连接,OK,-
Safety,Pressure Relief,PRRELIEF.bkp,FLOWSHEET,3,1,2,HEATER,IDEAL,ENG,-,OPTIMIZATION CONV-OPTIONS,-,10.00~37.80 C,5.07 bar,-,HEATER,OK,-
Safety,Pressure Relief,Safety Analysis Without PRD.bkp,FLOWSHEET,7,12,17,COMPR + FLASH2 + HEATX + HIERARCHY + PUMP + VALVE,PENG-ROB,SET1,DESIGN-SPEC,OPTIMIZATION,-,16.60~616.00 C,-,7,COMPR > FLASH2 > HEATX > HIERARCHY > PUMP > VALVE | 7条连接,OK,-
Solids Modeling,Batch Dryer,Batch drying.bkp,FLOWSHEET,4,2,4,DRYER + TRANSFER,NRTL,MINCBAR,SENSITIVITY CALCULATOR,OPTIMIZATION CONV-OPTIONS,-,27.00~45.00 C,1.00 bar,-,DRYER > TRANSFER,OK,-
Solids Modeling,Belt Dryer,1 Belt Dryer Base Case.bkp,FLOWSHEET,3,27,40,COMPR + DRYER + FSPLIT + HEATER + MIXER,IDEAL,SI,CALCULATOR,OPTIMIZATION CONV-OPTIONS,-,20.00~120.00 C,1.00 bar,36,COMPR > DRYER > FSPLIT > HEATER > MIXER | 36条连接,OK,-
Solids Modeling,Belt Dryer,2 Belt Dryer With Cooling Stage.bkp,FLOWSHEET,3,28,42,COMPR + DRYER + FSPLIT + HEATER + MIXER,IDEAL,SI,SENSITIVITY OPTIMIZATION CALCULATOR,CONV-OPTIONS,-,20.00~120.00 C,1.00 bar,38,COMPR > DRYER > FSPLIT > HEATER > MIXER | 38条连接,OK,-
Solids Modeling,Conceptual Modeling,Conceptual Model Example.bkp,FLOWSHEET,8,9,14,CFUGE + COMPR + CRYSTALLIZER + DRYER + FLASH2 + HEATER + MIXER + RSTOIC,NRTL-RK / NRTL / NRTL-2,REPORT,OPTIMIZATION,CONV-OPTIONS,REAC-DIST,-15.00~150.50 C,0.98 bar,9,CFUGE > COMPR > CRYSTALLIZER > DRYER > FLASH2 > HEATER > MIXER > RSTOIC | 9条连接,OK,-
Solids Modeling,Contact Dryer,Contact Dryer TPA Example.bkp,FLOWSHEET,5,5,10,CFUGE + COMPR + CRYSTALLIZER + DRYER + HEATER,IDEAL / ELECNRTL,SI,SENSITIVITY CALCULATOR,OPTIMIZATION CONV-OPTIONS,-,20.00~240.00 C,1.00~1.20 bar,4,CFUGE > COMPR > CRYSTALLIZER > DRYER > HEATER | 4条连接,OK,-
Solids Modeling,Crushing,Crushing.bkp,FLOWSHEET,1,9,14,CRUSHER + MIXER + SCREEN,IDEAL,METSOLID,SENSITIVITY CALCULATOR,OPTIMIZATION CONV-OPTIONS,-,25.00 C,1.00 bar,11,CRUSHER > MIXER > SCREEN | 11条连接,OK,-
Solids Modeling,FB Agglomerator,FB Agglomerator Demo.bkp,FLOWSHEET,6,5,10,COMPR + CRUSHER + GRANULATOR + HEATER + MIXER,IDEAL,METSOLID,SENSITIVITY,OPTIMIZATION,-,20.00~100.00 C,1.00 bar,4,COMPR > CRUSHER > GRANULATOR > HEATER > MIXER | 4条连接,OK,-
Solids Modeling,Flash Dryer,Single Stage Flash Dryer Demo.bkp,FLOWSHEET,3,11,14,COMPR + CYCLONE + DRYER + FABFL + HEATER + HIERARCHY + MIXER + PIPE,IDEAL,METCBAR,OPTIMIZATION CALCULATOR,CONV-OPTIONS,-,20.00~300.00 C,-,7,COMPR > CYCLONE > DRYER > FABFL > HEATER > HIERARCHY > MIXER > PIPE | 7条连接,OK,-
Solids Modeling,Fluidized Bed Dryer,Multi Stage Fluidized Bed Dryer.bkp,FLOWSHEET,3,39,30,CLASSIFIER + COMPR + CYCLONE + DRYER + ESP + FSPLIT + HEATER + HIERARCHY + MIXER,IDEAL,METCBAR,CALCULATOR,OPTIMIZATION CONV-OPTIONS,-,20.00~126.80 C,1.00~1.05 bar,12,CLASSIFIER > COMPR > CYCLONE > DRYER > ESP > FSPLIT > HEATER > HIERARCHY | 12条连接,OK,-
Solids Modeling,Fluidized Bed Reactor,Fluidized bed reactor demo.bkp,FLOWSHEET,12,5,10,CYCLONE + FLUIDBED + HEATER + MIXER,ELECNRTL / IDEAL,MET,CALCULATOR,OPTIMIZATION CONV-OPTIONS,KINETIC POWERLAW,20.00~300.00 C,0.98~2.00 bar,5,CYCLONE > FLUIDBED > HEATER > MIXER | 5条连接,OK,-
Solids Modeling,Fluidized Bed,CFB_Example.bkp,FLOWSHEET,2,10,17,COMPR + CYCLONE + FABFL + FLUIDBED + FSPLIT + HEATER + MIXER + PIPELINE,IDEAL,METSOLID,SENSITIVITY CALCULATOR,OPTIMIZATION CONV-OPTIONS,-,20.00~80.00 C,1.00 bar,12,COMPR > CYCLONE > FABFL > FLUIDBED > FSPLIT > HEATER > MIXER > PIPELINE | 12条连接,OK,-
Solids Modeling,Granulation,Granulation Example.bkp,FLOWSHEET,8,34,39,CLASSIFIER + COMPR + CRUSHER + DRYER + FSPLIT + GRANULATOR + HEATER + HIERARCHY + MIXER + SCREEN,SR-POLAR,USER,SENSITIVITY CALCULATOR,OPTIMIZATION CONV-OPTIONS,-,20.00~132.00 C,0.98~3.00 bar,20,CLASSIFIER > COMPR > CRUSHER > DRYER > FSPLIT > GRANULATOR > HEATER > HIERARCHY | 20条连接,OK,-
Solids Modeling,Mill Drying,Mill Drying Demo.bkp,FLOWSHEET,8,19,19,CLASSIFIER + COMPR + CRUSHER + DRYER + FABFL + FSPLIT + HIERARCHY + MIXER + RSTOIC + SEP2,ELECNRTL,METCBAR,SENSITIVITY CALCULATOR,OPTIMIZATION CONV-OPTIONS,-,20.00~118.00 C,-0.01~1.02 bar,12,CLASSIFIER > COMPR > CRUSHER > DRYER > FABFL > FSPLIT > HIERARCHY > MIXER | 12条连接,OK,-
Solids Modeling,Multiple Particle Types,Multiple Substreams Demo.bkp,FLOWSHEET,3,2,5,SCREEN,IDEAL,METCBAR,-,OPTIMIZATION,-,20.00 C,1.00 bar,1,SCREEN | 1条连接,OK,-
Solids Modeling,PSD Definition,1 Empty mesh.bkp,FLOWSHEET,1,1,2,CRUSHER,ENRTL-RK / ENRTL / UNIFAC / SRK / PC-SAFT / SOLIDS,METCBAR,-,OPTIMIZATION,-,20.00 C,1.00 bar,-,CRUSHER,OK,-
Solids Modeling,Parameter Adjustment,1 ScreenDataFit_PropSet.bkp,FLOWSHEET,1,1,3,SCREEN,IDEAL,METCBAR,-,OPTIMIZATION,-,20.00 C,1.00 bar,-,SCREEN,OK,-
Solids Modeling,Parameter Adjustment,2 ParameterFitScreenPSD.bkp,FLOWSHEET,8,1,3,SCREEN,ELECNRTL,SET1,-,OPTIMIZATION CONV-OPTIONS,-,20.00 C,1.00 bar,-,SCREEN,OK,-
Solids Modeling,Pneumatic Conveying,PressureConveyingPipe.bkp,FLOWSHEET,2,8,10,COMPR + FABFL + MIXER + PIPE + TRANSFER,IDEAL,METSOLID,OPTIMIZATION CALCULATOR,CONV-OPTIONS,-,20.00 C,1.00 bar,6,COMPR > FABFL > MIXER > PIPE > TRANSFER | 6条连接,OK,-
Solids Modeling,Pneumatic Conveying,VacuumConveyingPipeline.bkp,FLOWSHEET,2,4,7,COMPR + FABFL + MIXER + PIPELINE,IDEAL,METSOLID,DESIGN-SPEC CALCULATOR,OPTIMIZATION CONV-OPTIONS,-,20.00 C,1.00 bar,3,COMPR > FABFL > MIXER > PIPELINE | 3条连接,OK,-
Solids Modeling,Potassium Chloride and Economics,1. Potassium Chloride Crystallization_BaseCase Demo.bkp,FLOWSHEET,8,33,43,CFUGE + CLASSIFIER + COMPR + CRUSHER + CRYSTALLIZER + CYCLONE + DRYER + FSPLIT + GRANULATOR + HEATER + HEATX + HIERARCHY + HYCYC + MIXER + PUMP + RSTOIC + SCREEN,ELECNRTL,REPORT,OPTIMIZATION,CONV-OPTIONS,-,20.00~350.00 C,-0.10~4.00 bar,35,CFUGE > CLASSIFIER > COMPR > CRUSHER > CRYSTALLIZER > CYCLONE > DRYER > FSPLIT | 35条连接,OK,-
Solids Modeling,Potassium Chloride and Economics,2. Potassium Chloride Crystallization_DesignAlternative.bkp,FLOWSHEET,8,37,45,CFUGE + CLASSIFIER + COMPR + CRUSHER + CRYSTALLIZER + CYCLONE + DRYER + FSPLIT + GRANULATOR + HEATER + HEATX + HIERARCHY + HYCYC + MIXER + PUMP + RSTOIC + SCREEN + TRANSFER,ELECNRTL,REPORT,OPTIMIZATION,CONV-OPTIONS,-,20.00~350.00 C,1.00~4.00 bar,47,CFUGE > CLASSIFIER > COMPR > CRUSHER > CRYSTALLIZER > CYCLONE > DRYER > FSPLIT | 47条连接,OK,-
Solids Modeling,Spray Drying,Spray Dryer Example.bkp,FLOWSHEET,3,8,13,COMPR + CYCLONE + DRYER + FABFL + HEATER + MIXER + PUMP,IDEAL,USER,SENSITIVITY OPTIMIZATION CALCULATOR,CONV-OPTIONS,-,20.00~200.00 C,-,8,COMPR > CYCLONE > DRYER > FABFL > HEATER > MIXER > PUMP | 8条连接,OK,-
Upstream,-,Aspen_Plus_Scaling_Model.bkp,FLOWSHEET,30,1,3,FLASH2,ENRTL-RK,SI,-,OPTIMIZATION,-,25.00~37.80 C,1.00 bar,-,FLASH2,OK,-
Upstream,-,Aspen_Plus_Scaling_Model_BaCO3_CO2_H2O.bkp,FLOWSHEET,8,1,3,FLASH2,ENRTL-RK,METCBAR,-,OPTIMIZATION,-,20.00 C,-,-,FLASH2,OK,-
Upstream,-,Aspen_Plus_Scaling_Model_CO2_CaCO3_H2O.bkp,FLOWSHEET,8,1,4,FLASH2,ENRTL-RK,METCBAR,-,OPTIMIZATION,-,125.00 C,-,-,FLASH2,OK,-
Upstream,-,Aspen_Plus_Scaling_Model_CO2_MgO_H2O.bkp,FLOWSHEET,11,1,4,FLASH2,ENRTL-RK,METCBAR,-,OPTIMIZATION,-,40.00 C,-,-,FLASH2,OK,-
Upstream,-,Aspen_Plus_Scaling_Model_CO2_SrCO3_H2O.bkp,FLOWSHEET,8,1,4,FLASH2,ENRTL-RK,METCBAR,-,OPTIMIZATION,-,50.00 C,-,-,FLASH2,OK,-
Upstream,-,Aspen_Plus_Scaling_Model_Na2SO4_BaSO4_H2O.bkp,FLOWSHEET,7,1,4,FLASH2,ENRTL-RK,METBARC,-,OPTIMIZATION,-,40.00 C,1.00 bar,-,FLASH2,OK,-
Upstream,-,Aspen_Plus_Scaling_Model_Na2SO4_CaSO4_H2O.bkp,FLOWSHEET,8,1,4,FLASH2,ENRTL-RK,METCBAR,-,OPTIMIZATION,-,50.00 C,1.00 bar,-,FLASH2,OK,-
Upstream,-,Aspen_Plus_Scaling_Model_Na2SO4_SrSO4_H2O.bkp,FLOWSHEET,7,1,4,FLASH2,ENRTL-RK,METBARC,-,OPTIMIZATION,-,25.00 C,1.00 bar,-,FLASH2,OK,-
Upstream,-,Aspen_Plus_Scaling_Model_NaCl_Na2SO4_H2O.bkp,FLOWSHEET,10,1,4,FLASH2,ENRTL-RK,METCBAR,-,OPTIMIZATION,-,38.00 C,1.00 bar,-,FLASH2,OK,-
